                  epoch,         train/box_loss,         train/cls_loss,         train/dfl_loss,   metrics/precision(B),      metrics/recall(B),       metrics/mAP50(B),    metrics/mAP50-95(B),           val/box_loss,           val/cls_loss,           val/dfl_loss,                 lr/pg0,                 lr/pg1,                 lr/pg2
                      1,                 4.2325,                  7.384,                 4.2741,                      0,                      0,                      0,                      0,                 3.6437,                  7.159,                 4.1609,                0.00014,                0.00014,                0.00014
                      2,                 4.5507,                 8.0023,                 4.2161,                      0,                      0,                      0,                      0,                 3.6503,                 7.1671,                 4.1603,             0.00029901,             0.00029901,             0.00029901
                      3,                  3.903,                 6.0909,                 4.1958,                      0,                      0,                      0,                      0,                 3.6472,                   7.17,                 4.1586,             0.00045696,             0.00045696,             0.00045696
                      4,                 4.0998,                 5.9418,                 4.1521,                      0,                      0,                      0,                      0,                 3.6463,                 7.1787,                 4.1546,             0.00061386,             0.00061386,             0.00061386
                      5,                 3.7386,                  5.921,                 4.0954,                      0,                      0,                      0,                      0,                 3.6391,                 6.7925,                  4.152,              0.0007697,              0.0007697,              0.0007697
                      6,                  3.871,                  5.655,                 3.8727,                      0,                      0,                      0,                      0,                 3.6255,                 6.3422,                 4.1479,             0.00092449,             0.00092449,             0.00092449
                      7,                 3.3279,                  4.681,                 3.6116,                      0,                      0,                      0,                      0,                    3.6,                  5.097,                  4.143,              0.0010782,              0.0010782,              0.0010782
                      8,                 2.9858,                 3.9742,                 3.2255,                      0,                      0,                      0,                      0,                 3.5599,                 5.0547,                 4.1472,              0.0012309,              0.0012309,              0.0012309
                      9,                 2.7786,                 3.4775,                 3.0706,                      0,                      0,                      0,                      0,                 3.4827,                 5.4869,                 4.0899,              0.0013825,              0.0013825,              0.0013825
                     10,                 2.7965,                 3.2889,                 2.9512,                      0,                      0,                      0,                      0,                 3.4263,                 5.5014,                 4.0587,              0.0015331,              0.0015331,              0.0015331
                     11,                 2.8322,                 2.8621,                 2.4937,                      0,                      0,                      0,                      0,                 3.3049,                 4.6035,                 3.9869,              0.0016826,              0.0016826,              0.0016826
                     12,                 2.6763,                 2.5369,                 2.3412,                 0.0013,                0.03125,                0.00069,                0.00017,                 3.1555,                 4.2706,                 3.6309,               0.001831,               0.001831,               0.001831
                     13,                 2.6687,                 2.5057,                 2.3356,                0.00404,                  0.125,                 0.0263,                0.01333,                 2.6521,                 4.0193,                 2.9755,              0.0019208,              0.0019208,              0.0019208
                     14,                 2.5918,                 2.3004,                 2.2663,                0.26068,                0.09375,                0.04112,                0.01415,                 2.5042,                 3.4005,                  2.539,              0.0019142,              0.0019142,              0.0019142
                     15,                 2.6326,                 2.2114,                 1.9488,                0.24363,                0.10938,                0.09154,                0.03913,                 2.4772,                 2.9267,                 2.1496,              0.0019076,              0.0019076,              0.0019076
                     16,                 2.4301,                 2.0001,                 1.8719,                0.13927,                0.14062,                0.05469,                0.01802,                 2.9178,                 3.3917,                 2.1268,               0.001901,               0.001901,               0.001901
                     17,                 2.4757,                 2.0112,                  1.823,                0.17571,                0.32812,                0.12303,                0.03561,                 2.7077,                 3.3331,                 1.8463,              0.0018944,              0.0018944,              0.0018944
                     18,                 2.2231,                 1.7676,                 1.7112,                0.46007,                0.35938,                0.28806,                 0.1032,                 2.3924,                 1.9533,                 1.5754,              0.0018878,              0.0018878,              0.0018878
                     19,                 2.3285,                 1.7895,                 1.6414,                0.60222,                0.34375,                0.39335,                0.13444,                 2.2235,                 1.7028,                 1.4815,              0.0018812,              0.0018812,              0.0018812
                     20,                 2.2976,                 1.8083,                 1.6616,                0.63468,                0.42188,                0.47147,                 0.1612,                 2.2141,                 1.6758,                 1.4337,              0.0018746,              0.0018746,              0.0018746
                     21,                 2.1358,                 1.6524,                 1.5635,                0.50178,                0.36199,                0.36788,                0.16271,                 2.1179,                 1.6191,                 1.3255,               0.001868,               0.001868,               0.001868
                     22,                 2.1215,                 1.5491,                 1.4955,                0.52807,                    0.5,                 0.4293,                0.17318,                 2.1484,                 1.6849,                 1.3177,              0.0018614,              0.0018614,              0.0018614
                     23,                 2.1893,                 1.5799,                 1.4676,                0.59255,                0.54688,                0.53332,                0.19277,                 2.1315,                 1.6078,                 1.2874,              0.0018548,              0.0018548,              0.0018548
                     24,                 2.1053,                 1.5205,                 1.3973,                 0.6117,                0.60938,                0.62294,                0.22272,                 2.0852,                 1.3504,                  1.282,              0.0018482,              0.0018482,              0.0018482
                     25,                 2.0681,                 1.4634,                 1.4473,                0.50948,                    0.5,                0.49639,                0.21021,                 2.1696,                 1.4581,                 1.2621,              0.0018416,              0.0018416,              0.0018416
                     26,                 2.0558,                 1.3713,                 1.3981,                0.44037,                0.57812,                0.46743,                0.17106,                 2.1675,                 1.5463,                 1.2768,               0.001835,               0.001835,               0.001835
                     27,                 2.1163,                 1.6002,                 1.5172,                0.67648,                0.67188,                0.69821,                0.26462,                 2.0339,                  1.386,                 1.1689,              0.0018284,              0.0018284,              0.0018284
                     28,                 2.0946,                 1.4197,                 1.3849,                0.52004,                0.76562,                0.60864,                0.22974,                 2.0206,                 1.4505,                  1.189,              0.0018218,              0.0018218,              0.0018218
                     29,                 2.0309,                 1.4314,                 1.3651,                 0.7019,                0.73582,                0.75189,                0.29499,                 1.9518,                 1.3277,                  1.195,              0.0018152,              0.0018152,              0.0018152
                     30,                 2.0516,                 1.4131,                 1.4045,                0.52599,                0.71875,                0.65152,                0.24914,                 1.9497,                 1.3291,                 1.2048,              0.0018086,              0.0018086,              0.0018086
                     31,                   1.98,                 1.4122,                 1.3699,                 0.5427,                0.73438,                0.56081,                0.22491,                 1.9818,                 1.6299,                 1.1989,               0.001802,               0.001802,               0.001802
                     32,                 2.0307,                 1.3946,                  1.374,                0.61237,                0.66651,                0.62959,                0.28351,                 1.9472,                  1.874,                 1.2021,              0.0017954,              0.0017954,              0.0017954
                     33,                 1.9807,                  1.299,                 1.3869,                0.55804,                 0.5625,                 0.5277,                0.22695,                  2.038,                 1.7214,                 1.2455,              0.0017888,              0.0017888,              0.0017888
                     34,                 1.9323,                 1.2711,                 1.3222,                0.52411,                0.71875,                0.65336,                0.26752,                 1.8892,                 1.2571,                 1.1761,              0.0017822,              0.0017822,              0.0017822
                     35,                 2.0004,                 1.2616,                  1.314,                0.72416,                 0.7384,                0.81874,                0.33276,                 1.8228,                 1.1912,                 1.1282,              0.0017756,              0.0017756,              0.0017756
                     36,                 1.9562,                 1.2712,                 1.3408,                0.66429,                0.64062,                 0.6187,                 0.2896,                 1.7987,                 1.5899,                 1.1326,               0.001769,               0.001769,               0.001769
                     37,                 1.9872,                 1.3377,                 1.3592,                0.72301,                0.65262,                0.67247,                0.28359,                 1.8978,                 1.3678,                 1.1538,              0.0017624,              0.0017624,              0.0017624
                     38,                 1.8089,                 1.1978,                 1.2964,                0.66709,                0.59375,                0.59718,                0.20722,                 2.0333,                 1.4624,                 1.2381,              0.0017558,              0.0017558,              0.0017558
                     39,                 1.8939,                 1.2282,                 1.2974,                0.64029,                0.78125,                0.73196,                0.31958,                 1.8792,                 1.2282,                 1.1281,              0.0017492,              0.0017492,              0.0017492
                     40,                 1.8447,                 1.1911,                 1.2938,                0.71779,                0.70312,                0.77047,                0.32592,                 1.7935,                 1.1397,                  1.144,              0.0017426,              0.0017426,              0.0017426
                     41,                  1.873,                 1.1888,                 1.2786,                0.83126,                0.76981,                0.84364,                0.35521,                 1.7141,                 1.1735,                  1.119,               0.001736,               0.001736,               0.001736
                     42,                 1.7561,                 1.1315,                 1.1996,                0.86823,                0.79688,                0.88283,                0.37219,                 1.7428,                 1.1375,                 1.1049,              0.0017294,              0.0017294,              0.0017294
                     43,                 1.8475,                 1.1691,                 1.2559,                0.77767,                0.71054,                0.79281,                0.30511,                  1.856,                 1.1834,                 1.1426,              0.0017228,              0.0017228,              0.0017228
                     44,                 1.9039,                 1.1404,                 1.2347,                 0.8398,                0.73724,                0.84576,                0.36301,                 1.7569,                 1.1029,                 1.1366,              0.0017162,              0.0017162,              0.0017162
                     45,                 1.8493,                 1.1668,                 1.3144,                0.86201,                 0.8125,                0.88686,                0.36033,                  1.852,                 1.0906,                 1.1119,              0.0017096,              0.0017096,              0.0017096
                     46,                 1.8331,                 1.1498,                 1.2462,                0.85363,                0.82019,                0.87304,                 0.3527,                 1.8038,                 1.0901,                 1.0922,               0.001703,               0.001703,               0.001703
                     47,                 1.8004,                 1.1099,                 1.2397,                0.79723,                0.73722,                 0.8343,                0.38865,                 1.6524,                 1.0504,                 1.0852,              0.0016964,              0.0016964,              0.0016964
                     48,                 1.8633,                 1.1295,                 1.2148,                0.88419,                0.71583,                 0.8269,                0.32185,                  1.731,                 1.1439,                 1.1036,              0.0016898,              0.0016898,              0.0016898
                     49,                 1.8223,                 1.1193,                 1.1798,                0.94156,                 0.7553,                0.87397,                0.34331,                 1.7681,                 1.0638,                 1.0833,              0.0016832,              0.0016832,              0.0016832
                     50,                 1.8439,                 1.1394,                 1.2258,                0.73514,                   0.75,                 0.7824,                0.31872,                 1.7742,                 1.1673,                 1.1013,              0.0016766,              0.0016766,              0.0016766
                     51,                 1.7922,                 1.1345,                  1.285,                0.78796,                 0.8125,                0.86856,                 0.3916,                 1.7613,                 1.2897,                 1.1135,                0.00167,                0.00167,                0.00167
                     52,                 1.8466,                 1.0865,                 1.2066,                0.80565,                0.84206,                0.89145,                0.39264,                 1.7077,                 1.2024,                 1.0931,              0.0016634,              0.0016634,              0.0016634
                     53,                 1.7022,                 1.0785,                 1.1805,                0.82411,                0.78125,                   0.88,                0.34991,                 1.8343,                 1.0566,                  1.108,              0.0016568,              0.0016568,              0.0016568
                     54,                 1.8496,                 1.1375,                 1.2227,                0.80385,                0.92188,                0.88103,                0.39601,                 1.7346,                0.97532,                 1.1007,              0.0016502,              0.0016502,              0.0016502
                     55,                 1.7305,                 1.0666,                  1.223,                0.79177,                0.83181,                0.81826,                0.35518,                 1.7318,                 1.1356,                 1.0927,              0.0016436,              0.0016436,              0.0016436
                     56,                 1.7551,                 1.1188,                 1.2055,                0.87854,                0.82812,                0.87072,                0.40365,                 1.6744,                 1.0197,                 1.0474,               0.001637,               0.001637,               0.001637
                     57,                 1.7606,                 1.0647,                 1.1816,                0.88243,                0.82812,                0.89288,                0.37367,                 1.7297,                0.98422,                  1.074,              0.0016304,              0.0016304,              0.0016304
                     58,                 1.7446,                 1.1172,                 1.2531,                0.53883,                0.73027,                0.63037,                0.22907,                 1.9325,                 1.2141,                 1.1406,              0.0016238,              0.0016238,              0.0016238
                     59,                 1.7715,                  1.118,                 1.1791,                0.90633,                0.75597,                0.86432,                 0.3772,                 1.7611,                0.97476,                 1.0869,              0.0016172,              0.0016172,              0.0016172
                     60,                 1.7216,                 1.0408,                 1.1862,                0.80326,                0.76562,                0.82574,                 0.3512,                 1.7208,                 1.0058,                 1.0816,              0.0016106,              0.0016106,              0.0016106
                     61,                 1.7542,                 1.0577,                 1.1901,                0.79637,                 0.8125,                0.81779,                0.37244,                 1.7238,                 1.0033,                  1.108,               0.001604,               0.001604,               0.001604
                     62,                  1.747,                 1.0664,                 1.1838,                0.81282,                0.74639,                0.81101,                0.36955,                 1.7609,                 1.0354,                 1.0985,              0.0015974,              0.0015974,              0.0015974
                     63,                 1.7588,                 1.0544,                 1.1698,                 0.7667,                0.76562,                0.81891,                0.33974,                 1.7784,                0.99891,                 1.1232,              0.0015908,              0.0015908,              0.0015908
                     64,                  1.696,                 1.0808,                 1.1626,                0.71034,                0.64062,                0.70011,                0.29428,                 1.8391,                 1.1357,                 1.1245,              0.0015842,              0.0015842,              0.0015842
                     65,                 1.7491,                 1.0561,                 1.1992,                 0.8859,                0.71875,                0.85771,                0.40378,                 1.7324,                0.97033,                 1.0897,              0.0015776,              0.0015776,              0.0015776
                     66,                 1.7263,                 1.0201,                 1.2221,                0.77272,                0.76562,                0.81984,                0.41595,                 1.7057,                 1.0468,                 1.0671,               0.001571,               0.001571,               0.001571
                     67,                  1.667,                 1.0078,                 1.1865,                0.86764,                0.81947,                0.87957,                0.39641,                 1.7312,                0.97188,                 1.0875,              0.0015644,              0.0015644,              0.0015644
                     68,                 1.8021,                 1.0495,                 1.2321,                0.80199,                   0.75,                0.79352,                 0.3396,                 1.7353,                  1.057,                 1.1089,              0.0015578,              0.0015578,              0.0015578
                     69,                 1.6218,                 1.0331,                 1.1796,                0.83342,                0.82812,                0.87126,                 0.3815,                 1.7053,                0.97527,                 1.0984,              0.0015512,              0.0015512,              0.0015512
                     70,                 1.7614,                 1.0285,                 1.2122,                0.83272,                 0.8125,                0.86872,                 0.3596,                 1.7791,                 1.0206,                 1.0979,              0.0015446,              0.0015446,              0.0015446
                     71,                 1.6717,                0.99568,                 1.1276,                0.71667,                   0.75,                0.68412,                0.27313,                 1.7927,                 1.1388,                 1.1048,               0.001538,               0.001538,               0.001538
                     72,                 1.6519,                 1.0124,                 1.1635,                0.82959,                0.76069,                0.78129,                0.32028,                 1.7725,                 1.0642,                  1.092,              0.0015314,              0.0015314,              0.0015314
                     73,                 1.7448,                 1.0201,                 1.1658,                0.83066,                   0.75,                0.78533,                0.33307,                 1.7571,                 1.0139,                 1.1034,              0.0015248,              0.0015248,              0.0015248
                     74,                 1.7035,                0.99027,                 1.1674,                0.79694,                 0.8125,                0.81593,                0.35526,                 1.7414,                 1.0205,                 1.0903,              0.0015182,              0.0015182,              0.0015182
                     75,                 1.6989,                0.98414,                 1.1969,                0.82458,                0.76562,                0.85854,                  0.358,                  1.883,                  1.028,                  1.139,              0.0015116,              0.0015116,              0.0015116
                     76,                 1.7419,                 1.0004,                 1.1562,                0.82944,                0.83589,                 0.8796,                0.37837,                 1.7477,                 1.0107,                 1.0826,               0.001505,               0.001505,               0.001505
                     77,                 1.6356,                0.95383,                 1.1401,                0.85052,                0.82812,                 0.8815,                0.40565,                 1.6732,                0.95114,                 1.0852,              0.0014984,              0.0014984,              0.0014984
                     78,                 1.6335,                0.96591,                 1.1321,                0.83569,                0.82812,                0.87867,                0.37173,                 1.7073,                 0.9527,                 1.0803,              0.0014918,              0.0014918,              0.0014918
                     79,                 1.6471,                0.96462,                 1.1265,                0.85325,                 0.8125,                0.87771,                0.39708,                 1.6844,                0.93973,                 1.0574,              0.0014852,              0.0014852,              0.0014852
                     80,                 1.6692,                 0.9513,                 1.1656,                0.82563,                0.79688,                0.83459,                0.39838,                 1.6846,                0.97007,                 1.0703,              0.0014786,              0.0014786,              0.0014786
                     81,                 1.6026,                0.92374,                 1.1215,                0.82352,                0.85938,                0.88382,                0.39666,                 1.7025,                0.96797,                  1.072,               0.001472,               0.001472,               0.001472
                     82,                 1.6385,                0.94314,                 1.1362,                0.85759,                 0.8125,                0.86463,                0.39883,                 1.6977,                0.89331,                 1.0715,              0.0014654,              0.0014654,              0.0014654
                     83,                 1.6935,                0.94517,                 1.1698,                0.78973,                0.89062,                0.89119,                0.38988,                 1.7309,                0.92834,                 1.0741,              0.0014588,              0.0014588,              0.0014588
                     84,                 1.6198,                  0.924,                 1.1346,                0.81445,                 0.8125,                0.86778,                 0.3399,                 1.7359,                0.96959,                 1.0799,              0.0014522,              0.0014522,              0.0014522
                     85,                 1.5756,                0.93923,                 1.1145,                0.85859,                0.79688,                0.85816,                0.34835,                 1.7953,                 1.0166,                 1.0869,              0.0014456,              0.0014456,              0.0014456
                     86,                  1.667,                0.95558,                 1.1596,                0.89369,                0.78821,                0.83927,                0.34574,                 1.7896,                 1.0185,                 1.0895,               0.001439,               0.001439,               0.001439
                     87,                 1.5414,                0.92007,                 1.1321,                0.84796,                0.82812,                0.89277,                0.38445,                 1.6859,                0.93919,                 1.0889,              0.0014324,              0.0014324,              0.0014324
                     88,                 1.6025,                0.93445,                 1.0924,                0.81524,                0.82734,                0.84386,                0.40988,                 1.5942,                0.90036,                 1.0701,              0.0014258,              0.0014258,              0.0014258
                     89,                 1.6284,                0.94933,                 1.1477,                0.80455,                 0.8125,                0.80358,                0.39347,                 1.6641,                0.94168,                 1.0588,              0.0014192,              0.0014192,              0.0014192
                     90,                 1.6439,                0.97373,                  1.176,                0.76313,                0.76562,                0.75539,                0.30765,                 1.8434,                 1.0887,                  1.077,              0.0014126,              0.0014126,              0.0014126
                     91,                 1.6029,                0.96173,                 1.1104,                0.79329,                0.83952,                0.87334,                0.36732,                 1.8524,                 0.9671,                 1.0823,               0.001406,               0.001406,               0.001406
                     92,                 1.5584,                 0.9381,                 1.1053,                 0.8584,                0.78125,                0.86697,                0.39196,                 1.7351,                0.95182,                 1.0765,              0.0013994,              0.0013994,              0.0013994
                     93,                 1.6391,                0.97334,                 1.1092,                0.83563,                0.79438,                0.85332,                0.42304,                 1.6189,                0.96898,                 1.0723,              0.0013928,              0.0013928,              0.0013928
                     94,                 1.6408,                0.94041,                 1.1164,                0.84071,                0.82469,                0.83977,                0.39518,                 1.6473,                0.99197,                  1.074,              0.0013862,              0.0013862,              0.0013862
                     95,                 1.5983,                0.90273,                 1.0898,                0.80957,                0.82812,                0.82756,                0.34925,                 1.7845,                 1.0815,                 1.0973,              0.0013796,              0.0013796,              0.0013796
                     96,                 1.5889,                0.89985,                 1.1172,                0.92948,                0.82382,                0.90854,                0.39506,                 1.7274,                0.93985,                  1.064,               0.001373,               0.001373,               0.001373
                     97,                 1.5434,                0.86698,                 1.0855,                0.91487,                0.83963,                0.90311,                0.42327,                 1.6897,                 0.8862,                 1.0509,              0.0013664,              0.0013664,              0.0013664
                     98,                 1.6398,                0.91117,                 1.1127,                0.88256,                0.85938,                0.89399,                0.42906,                 1.6218,                0.86472,                 1.0445,              0.0013598,              0.0013598,              0.0013598
                     99,                 1.5495,                0.89332,                 1.1359,                0.90668,                0.84375,                0.90237,                0.40926,                 1.6658,                0.90277,                 1.0516,              0.0013532,              0.0013532,              0.0013532
                    100,                 1.5495,                0.92433,                 1.1194,                0.83897,                0.84375,                0.86556,                0.41977,                 1.6335,                0.88459,                 1.0378,              0.0013466,              0.0013466,              0.0013466
                    101,                 1.5542,                 0.8581,                 1.1608,                 0.8438,                0.76562,                0.81034,                0.38476,                 1.7695,                0.97778,                 1.0982,                0.00134,                0.00134,                0.00134
                    102,                 1.5753,                0.90195,                 1.0779,                0.84425,                0.76232,                0.82338,                0.33968,                 1.8685,                 1.0407,                 1.1261,              0.0013334,              0.0013334,              0.0013334
                    103,                 1.5713,                  0.899,                  1.108,                0.83429,                0.84375,                0.86496,                0.35989,                 1.7548,                0.93337,                 1.0624,              0.0013268,              0.0013268,              0.0013268
                    104,                 1.5329,                0.89028,                 1.1268,                0.87231,                0.85399,                0.89125,                0.40077,                 1.6761,                0.88874,                 1.0441,              0.0013202,              0.0013202,              0.0013202
                    105,                 1.5951,                0.88878,                  1.057,                0.84619,                0.82812,                0.87411,                0.43048,                 1.6872,                0.90475,                 1.0605,              0.0013136,              0.0013136,              0.0013136
                    106,                 1.5534,                 0.9213,                 1.1513,                0.90897,                 0.8125,                0.88011,                0.41589,                 1.6656,                0.87229,                 1.0463,               0.001307,               0.001307,               0.001307
                    107,                   1.53,                0.89387,                 1.0833,                 0.9028,                0.87085,                0.90962,                0.39152,                 1.6942,                0.91935,                 1.0546,              0.0013004,              0.0013004,              0.0013004
                    108,                 1.5875,                  0.908,                 1.0913,                0.90021,                0.84577,                0.89964,                0.38268,                 1.7284,                0.94254,                 1.0787,              0.0012938,              0.0012938,              0.0012938
                    109,                 1.5245,                0.87763,                 1.1145,                0.78927,                 0.6875,                0.79134,                0.36948,                 1.6952,                 1.0652,                 1.0878,              0.0012872,              0.0012872,              0.0012872
                    110,                 1.5579,                0.87779,                 1.0975,                 0.7983,                0.64062,                0.76494,                0.36401,                  1.745,                 1.0193,                 1.1125,              0.0012806,              0.0012806,              0.0012806
                    111,                  1.512,                0.87358,                  1.093,                0.79636,                0.79438,                0.83543,                0.38464,                 1.7601,                0.89864,                  1.084,               0.001274,               0.001274,               0.001274
                    112,                 1.5202,                0.83728,                 1.0875,                 0.8956,                0.84375,                0.91108,                0.39838,                 1.7252,                0.89229,                 1.0806,              0.0012674,              0.0012674,              0.0012674
                    113,                 1.5614,                0.85914,                 1.1145,                0.88792,                 0.8125,                0.89631,                  0.377,                 1.7715,                0.91468,                 1.0843,              0.0012608,              0.0012608,              0.0012608
                    114,                 1.5179,                0.85907,                 1.0959,                0.90157,                0.85875,                0.89085,                0.44691,                 1.7042,                0.83321,                 1.0735,              0.0012542,              0.0012542,              0.0012542
                    115,                 1.5877,                0.87511,                 1.1549,                0.85551,                0.84375,                0.85853,                  0.432,                 1.6498,                0.87299,                 1.0543,              0.0012476,              0.0012476,              0.0012476
                    116,                 1.6029,                0.88794,                 1.0992,                0.85288,                0.85938,                 0.8726,                0.39064,                 1.7345,                0.95011,                 1.0694,               0.001241,               0.001241,               0.001241
                    117,                 1.5084,                0.85216,                 1.1147,                0.85608,                  0.875,                0.89367,                0.41198,                  1.636,                0.88626,                 1.0336,              0.0012344,              0.0012344,              0.0012344
                    118,                 1.5561,                0.89483,                  1.131,                0.85625,                0.85938,                0.87986,                 0.3961,                 1.7331,                0.89878,                 1.0599,              0.0012278,              0.0012278,              0.0012278
                    119,                 1.6055,                0.90823,                 1.1232,                 0.8341,                0.86418,                0.87702,                 0.4156,                 1.6929,                0.88354,                 1.0531,              0.0012212,              0.0012212,              0.0012212
                    120,                 1.5057,                0.87183,                 1.1145,                0.90293,                0.87211,                0.92397,                0.45868,                 1.6279,                0.85782,                 1.0401,              0.0012146,              0.0012146,              0.0012146
                    121,                 1.4905,                0.86336,                 1.0924,                0.92767,                  0.875,                0.92629,                0.42215,                 1.7201,                0.89067,                 1.0559,               0.001208,               0.001208,               0.001208
                    122,                 1.4985,                0.84753,                 1.0619,                0.92621,                0.85938,                0.92793,                0.43834,                 1.6418,                0.82286,                  1.037,              0.0012014,              0.0012014,              0.0012014
                    123,                 1.5009,                0.85498,                 1.0935,                0.87417,                0.89062,                0.90445,                 0.4222,                 1.6511,                0.84797,                 1.0338,              0.0011948,              0.0011948,              0.0011948
                    124,                 1.5059,                0.81677,                 1.0781,                0.93212,                0.85822,                0.91407,                 0.4098,                 1.7385,                0.87809,                 1.0399,              0.0011882,              0.0011882,              0.0011882
                    125,                 1.4488,                 0.8043,                 1.1248,                0.89982,                0.84209,                0.87745,                0.41264,                 1.6292,                0.84486,                 1.0272,              0.0011816,              0.0011816,              0.0011816
                    126,                 1.4841,                0.80152,                 1.0953,                0.86699,                0.85938,                0.88923,                0.40676,                  1.641,                 0.8533,                 1.0289,               0.001175,               0.001175,               0.001175
                    127,                 1.4584,                0.82522,                 1.1143,                0.82053,                0.79688,                0.81517,                0.37437,                 1.7873,                0.88788,                 1.0746,              0.0011684,              0.0011684,              0.0011684
                    128,                 1.5794,                0.83564,                 1.0911,                0.79888,                0.73438,                0.74932,                0.35115,                 1.7924,                0.93121,                 1.0852,              0.0011618,              0.0011618,              0.0011618
                    129,                 1.5777,                0.84748,                 1.1118,                0.87826,                 0.8125,                0.84272,                 0.3795,                 1.7799,                0.89655,                 1.0644,              0.0011552,              0.0011552,              0.0011552
                    130,                 1.5081,                0.84129,                 1.1183,                0.88265,                0.82272,                0.82924,                0.37985,                 1.7541,                0.90018,                 1.0618,              0.0011486,              0.0011486,              0.0011486
                    131,                  1.569,                0.83148,                 1.0686,                 0.8679,                0.82132,                0.85778,                 0.3948,                 1.8021,                0.94713,                 1.0794,               0.001142,               0.001142,               0.001142
                    132,                 1.4734,                0.81595,                 1.0981,                0.91739,                0.86768,                0.88914,                0.39587,                 1.7709,                 0.9191,                 1.0638,              0.0011354,              0.0011354,              0.0011354
                    133,                  1.554,                0.86095,                 1.0504,                 0.9019,                  0.875,                 0.9075,                0.40487,                 1.8044,                0.89511,                 1.0923,              0.0011288,              0.0011288,              0.0011288
                    134,                  1.575,                0.84957,                 1.1539,                0.91648,                0.85735,                0.90238,                0.43707,                 1.6556,                0.90053,                 1.0346,              0.0011222,              0.0011222,              0.0011222
                    135,                 1.5031,                0.80888,                 1.0817,                0.89969,                0.84375,                0.88493,                0.43132,                 1.6891,                0.94135,                 1.0648,              0.0011156,              0.0011156,              0.0011156
                    136,                 1.5197,                0.85027,                 1.0961,                0.91893,                0.84375,                0.90058,                0.42681,                 1.6351,                0.88806,                 1.0365,               0.001109,               0.001109,               0.001109
                    137,                 1.4575,                0.80678,                 1.0872,                0.86346,                0.79052,                 0.8288,                 0.4092,                 1.6846,                0.84008,                  1.057,              0.0011024,              0.0011024,              0.0011024
                    138,                 1.4717,                0.81274,                 1.0707,                0.91299,                0.84375,                0.89981,                0.40907,                 1.7325,                0.86609,                 1.0695,              0.0010958,              0.0010958,              0.0010958
                    139,                 1.4806,                0.83904,                 1.1075,                  0.919,                0.88646,                0.90638,                0.42223,                 1.6927,                0.88817,                 1.0448,              0.0010892,              0.0010892,              0.0010892
                    140,                 1.4527,                0.76505,                 1.0632,                0.81982,                0.84375,                0.87411,                0.40375,                 1.6975,                0.93642,                 1.0597,              0.0010826,              0.0010826,              0.0010826
                    141,                  1.505,                0.79546,                  1.069,                 0.9194,                0.85938,                 0.9098,                0.42499,                 1.6966,                0.87115,                 1.0268,               0.001076,               0.001076,               0.001076
                    142,                 1.4714,                0.80928,                 1.0509,                0.92474,                  0.875,                0.91542,                0.43021,                 1.6937,                0.85109,                 1.0434,              0.0010694,              0.0010694,              0.0010694
                    143,                 1.4542,                0.77507,                 1.0749,                0.91084,                  0.875,                0.89267,                0.41814,                 1.7888,                0.89453,                 1.0718,              0.0010628,              0.0010628,              0.0010628
                    144,                 1.4517,                0.78601,                  1.089,                0.91675,                0.84375,                0.89723,                0.39097,                 1.8349,                0.90862,                 1.0953,              0.0010562,              0.0010562,              0.0010562
                    145,                 1.4399,                0.75215,                 1.0338,                0.86923,                0.83092,                0.89286,                0.37964,                  1.855,                0.88391,                 1.0897,              0.0010496,              0.0010496,              0.0010496
                    146,                 1.4913,                 0.8136,                 1.0712,                0.84645,                0.82812,                0.87039,                0.39943,                 1.7586,                0.91964,                 1.0481,               0.001043,               0.001043,               0.001043
                    147,                 1.4822,                0.78187,                 1.0658,                0.89425,                 0.8125,                0.88001,                0.40338,                 1.7476,                0.90683,                 1.0587,              0.0010364,              0.0010364,              0.0010364
                    148,                 1.4852,                0.81847,                 1.0587,                0.86032,                0.84375,                0.87788,                0.40455,                 1.7243,                0.84007,                 1.0445,              0.0010298,              0.0010298,              0.0010298
                    149,                 1.4632,                0.79717,                 1.0849,                0.87519,                 0.8125,                 0.8452,                0.39777,                 1.7298,                0.84054,                 1.0719,              0.0010232,              0.0010232,              0.0010232
                    150,                 1.4283,                0.79762,                  1.051,                0.92051,                0.84375,                0.88986,                0.45078,                  1.578,                0.82243,                 1.0295,              0.0010166,              0.0010166,              0.0010166
                    151,                 1.4718,                0.80764,                 1.0519,                 0.8991,                0.82812,                0.90117,                0.45668,                 1.5477,                0.80078,                  1.001,                0.00101,                0.00101,                0.00101
                    152,                 1.4461,                0.76553,                 1.0838,                0.85486,                0.82829,                0.87136,                0.42143,                 1.6213,                0.87609,                 1.0313,              0.0010034,              0.0010034,              0.0010034
                    153,                 1.4467,                0.78685,                 1.0812,                0.87047,                0.84008,                0.88657,                0.40248,                 1.6279,                0.90973,                 1.0273,              0.0009968,              0.0009968,              0.0009968
                    154,                 1.4363,                0.81113,                 1.1167,                0.86895,                0.82884,                 0.8929,                0.40417,                 1.6916,                0.89472,                 1.0413,              0.0009902,              0.0009902,              0.0009902
                    155,                 1.5208,                0.82953,                 1.1015,                0.82651,                0.89325,                0.90098,                0.39919,                 1.7349,                 0.8367,                 1.0619,              0.0009836,              0.0009836,              0.0009836
                    156,                  1.518,                0.79115,                 1.0658,                0.88846,                 0.8713,                0.90456,                0.37632,                 1.8024,                0.87484,                 1.0677,               0.000977,               0.000977,               0.000977
                    157,                 1.4609,                0.82708,                 1.0547,                0.82566,                0.81402,                0.85032,                0.35416,                 1.8618,                0.93146,                 1.0724,              0.0009704,              0.0009704,              0.0009704
                    158,                 1.4673,                0.80372,                 1.0591,                0.88305,                0.82592,                0.89655,                0.42047,                 1.7201,                0.85375,                 1.0387,              0.0009638,              0.0009638,              0.0009638
                    159,                  1.422,                0.76944,                 1.0198,                0.89742,                0.82027,                0.88826,                0.43991,                 1.6082,                0.84118,                 1.0201,              0.0009572,              0.0009572,              0.0009572
                    160,                 1.4373,                0.77165,                 1.0358,                0.86845,                0.72209,                0.81007,                0.42338,                 1.6692,                 1.0063,                 1.0503,              0.0009506,              0.0009506,              0.0009506
                    161,                 1.4181,                0.76791,                 1.0343,                0.82609,                0.74226,                 0.7988,                0.36522,                 1.8228,                 1.0303,                 1.0998,               0.000944,               0.000944,               0.000944
                    162,                 1.4213,                0.75558,                 1.0759,                0.88685,                 0.6875,                 0.8063,                0.36948,                 1.7947,                 0.9809,                 1.0934,              0.0009374,              0.0009374,              0.0009374
                    163,                 1.4173,                0.77396,                 1.0607,                0.87882,                0.79324,                0.85402,                 0.3911,                 1.7549,                0.88477,                 1.0716,              0.0009308,              0.0009308,              0.0009308
                    164,                 1.4293,                0.75216,                 1.0649,                0.93166,                  0.875,                0.91186,                0.41035,                 1.7074,                0.84061,                 1.0395,              0.0009242,              0.0009242,              0.0009242
                    165,                 1.4443,                0.76493,                  1.044,                0.95051,                0.90044,                0.93121,                0.44858,                  1.647,                0.81139,                 1.0277,              0.0009176,              0.0009176,              0.0009176
                    166,                 1.5025,                0.79793,                 1.0454,                0.90248,                0.86766,                0.90896,                0.41426,                  1.672,                 0.8614,                 1.0137,               0.000911,               0.000911,               0.000911
                    167,                 1.4188,                0.79951,                 1.0392,                0.90196,                0.86258,                0.92461,                0.43902,                  1.694,                0.84322,                 1.0238,              0.0009044,              0.0009044,              0.0009044
                    168,                 1.3261,                0.72462,                 1.0062,                0.85786,                0.82812,                0.88383,                0.38477,                 1.8075,                0.87031,                 1.0523,              0.0008978,              0.0008978,              0.0008978
                    169,                 1.4289,                 0.7769,                 1.0561,                0.87802,                0.89985,                0.93002,                0.40259,                 1.7824,                0.86616,                 1.0446,              0.0008912,              0.0008912,              0.0008912
                    170,                 1.3761,                0.73388,                 1.0604,                0.90333,                0.82812,                0.90734,                0.41468,                 1.7026,                0.82068,                 1.0402,              0.0008846,              0.0008846,              0.0008846
                    171,                  1.389,                0.73165,                 1.0186,                0.88862,                0.79688,                0.87501,                0.39769,                 1.7202,                0.87497,                 1.0253,               0.000878,               0.000878,               0.000878
                    172,                 1.4163,                0.76156,                 1.0424,                0.88316,                0.82673,                0.85521,                0.39903,                 1.6985,                0.81656,                  1.035,              0.0008714,              0.0008714,              0.0008714
                    173,                 1.4698,                0.79294,                 1.0644,                0.82905,                0.79688,                 0.8142,                0.37589,                 1.6944,                0.82805,                 1.0583,              0.0008648,              0.0008648,              0.0008648
                    174,                 1.3784,                0.73518,                 1.0435,                0.88321,                  0.875,                 0.9182,                 0.3953,                 1.7517,                0.89268,                 1.0585,              0.0008582,              0.0008582,              0.0008582
                    175,                 1.3498,                0.75547,                 1.0356,                0.89671,                0.84375,                0.90258,                0.41885,                 1.7155,                0.86877,                 1.0458,              0.0008516,              0.0008516,              0.0008516
                    176,                 1.4385,                0.76586,                 1.0239,                0.86824,                0.82375,                0.88653,                0.43036,                 1.6213,                 0.9248,                  1.028,               0.000845,               0.000845,               0.000845
                    177,                 1.4065,                0.76194,                 1.0635,                0.88867,                0.87308,                0.89891,                0.43664,                 1.6115,                0.92873,                 1.0275,              0.0008384,              0.0008384,              0.0008384
                    178,                 1.4267,                 0.7727,                 1.0176,                0.90124,                0.89062,                0.92405,                0.43804,                 1.6765,                0.84286,                 1.0216,              0.0008318,              0.0008318,              0.0008318
                    179,                 1.3596,                0.73097,                 1.0221,                0.89933,                0.85938,                0.91597,                0.41073,                 1.7457,                0.83222,                 1.0489,              0.0008252,              0.0008252,              0.0008252
                    180,                 1.3543,                0.70333,                 1.0151,                0.86505,                0.84375,                0.90041,                0.41458,                 1.7215,                0.82181,                 1.0403,              0.0008186,              0.0008186,              0.0008186
                    181,                 1.3497,                0.74147,                 1.0789,                0.86932,                0.83156,                0.88437,                0.39112,                 1.7459,                0.86533,                 1.0502,               0.000812,               0.000812,               0.000812
                    182,                  1.399,                0.77395,                  1.056,                0.84604,                0.76562,                0.81419,                 0.3895,                 1.7426,                 0.8512,                 1.0538,              0.0008054,              0.0008054,              0.0008054
                    183,                 1.3935,                 0.7351,                 1.0388,                0.80104,                0.78125,                0.80573,                0.38615,                  1.736,                0.87001,                 1.0338,              0.0007988,              0.0007988,              0.0007988
                    184,                 1.3886,                0.71973,                 1.0253,                0.87204,                0.82812,                0.89661,                0.41443,                 1.6541,                0.87502,                 1.0063,              0.0007922,              0.0007922,              0.0007922
                    185,                 1.3337,                0.73488,                 1.0378,                0.87087,                0.84301,                0.89176,                0.41982,                 1.6644,                0.86224,                 1.0161,              0.0007856,              0.0007856,              0.0007856
                    186,                 1.3835,                 0.7456,                 1.0746,                0.91354,                0.82812,                0.90091,                0.44178,                 1.6488,                0.84656,                 1.0219,               0.000779,               0.000779,               0.000779
                    187,                   1.43,                0.78627,                0.99591,                0.92766,                  0.875,                0.92075,                0.42623,                 1.6728,                0.82326,                 1.0162,              0.0007724,              0.0007724,              0.0007724
                    188,                 1.3615,                0.73839,                 1.0164,                0.92276,                0.85938,                0.92425,                0.41116,                 1.6812,                0.83498,                  1.008,              0.0007658,              0.0007658,              0.0007658
                    189,                 1.3442,                0.70859,                0.99395,                0.90848,                0.85938,                0.90373,                0.42286,                 1.7161,                 0.8483,                 1.0099,              0.0007592,              0.0007592,              0.0007592
                    190,                 1.4159,                0.76667,                 1.0328,                0.88483,                0.84037,                0.88393,                 0.4128,                  1.706,                0.88386,                 1.0274,              0.0007526,              0.0007526,              0.0007526
                    191,                  1.378,                0.74617,                 1.0134,                0.95524,                0.85938,                 0.9323,                 0.4121,                 1.7098,                0.84788,                  1.024,               0.000746,               0.000746,               0.000746
                    192,                 1.3745,                0.72393,                 1.0046,                0.94496,                0.79688,                0.93034,                0.40483,                 1.7299,                0.83914,                 1.0243,              0.0007394,              0.0007394,              0.0007394
                    193,                 1.3781,                 0.7208,                 1.0324,                 0.9131,                0.82101,                0.92503,                0.39935,                 1.7496,                0.85689,                 1.0372,              0.0007328,              0.0007328,              0.0007328
                    194,                 1.3206,                0.72812,                  1.016,                0.86477,                0.84375,                0.90331,                0.39842,                 1.7624,                0.85203,                 1.0532,              0.0007262,              0.0007262,              0.0007262
                    195,                 1.3669,                0.72222,                0.97957,                0.91573,                0.78125,                0.88712,                 0.4011,                 1.7155,                0.82503,                 1.0452,              0.0007196,              0.0007196,              0.0007196
                    196,                 1.3975,                0.74372,                 1.0221,                  0.931,                0.84332,                 0.9304,                0.39249,                 1.7829,                0.84192,                 1.0397,               0.000713,               0.000713,               0.000713
                    197,                 1.4019,                0.76873,                  1.045,                0.89941,                0.79688,                0.86031,                0.39998,                 1.7611,                0.83886,                 1.0341,              0.0007064,              0.0007064,              0.0007064
                    198,                 1.4128,                 0.7277,                 1.0235,                0.79512,                0.79688,                0.80468,                0.37604,                 1.7634,                 0.8245,                  1.057,              0.0006998,              0.0006998,              0.0006998
                    199,                 1.3882,                0.72857,                 1.0348,                0.87825,                0.78904,                0.85304,                0.40748,                 1.6664,                0.82997,                 1.0172,              0.0006932,              0.0006932,              0.0006932
                    200,                 1.3745,                0.76094,                 1.0223,                0.92434,                0.78125,                0.89834,                0.37246,                 1.7768,                0.88066,                 1.0454,              0.0006866,              0.0006866,              0.0006866
                    201,                 1.4214,                0.71786,                  1.023,                0.89543,                0.79688,                0.89121,                0.39213,                  1.772,                0.87093,                 1.0407,                0.00068,                0.00068,                0.00068
                    202,                 1.4178,                0.72825,                 1.0366,                0.81242,                0.87977,                0.87832,                0.40538,                 1.7325,                0.84541,                 1.0314,              0.0006734,              0.0006734,              0.0006734
                    203,                 1.3606,                  0.751,                 1.0531,                0.90032,                0.82812,                0.90456,                0.40127,                 1.7429,                0.84975,                 1.0353,              0.0006668,              0.0006668,              0.0006668
                    204,                 1.4039,                0.73817,                 1.0727,                0.92061,                 0.8125,                0.90393,                0.40558,                 1.7399,                 0.8939,                 1.0398,              0.0006602,              0.0006602,              0.0006602
                    205,                  1.388,                  0.757,                 1.0264,                0.90268,                0.79688,                0.88628,                0.42607,                 1.6505,                0.86096,                 1.0182,              0.0006536,              0.0006536,              0.0006536
                    206,                 1.4144,                0.74145,                 1.0245,                0.91325,                 0.8225,                0.90572,                0.43365,                 1.6339,                0.83463,                 1.0029,               0.000647,               0.000647,               0.000647
                    207,                 1.3309,                0.72326,                0.99941,                0.89803,                0.84375,                0.89434,                0.43705,                 1.6423,                0.86109,                  1.038,              0.0006404,              0.0006404,              0.0006404
                    208,                 1.3329,                0.70055,                 1.0063,                0.88084,                  0.875,                0.90895,                0.43137,                  1.694,                0.81135,                 1.0315,              0.0006338,              0.0006338,              0.0006338
                    209,                 1.3255,                0.69774,                 1.0283,                0.93168,                0.85239,                0.90738,                0.45237,                 1.6784,                 0.7942,                 1.0316,              0.0006272,              0.0006272,              0.0006272
                    210,                 1.3791,                0.72046,                 1.0441,                 0.8924,                0.85938,                0.89738,                0.45282,                 1.6749,                0.79167,                 1.0143,              0.0006206,              0.0006206,              0.0006206
                    211,                 1.4058,                0.74727,                 1.0031,                0.89237,                  0.875,                0.91931,                0.41092,                 1.7422,                0.82433,                 1.0202,               0.000614,               0.000614,               0.000614
                    212,                 1.4033,                0.73476,                 1.0019,                0.87659,                0.88795,                  0.928,                0.39358,                 1.7865,                0.84382,                 1.0323,              0.0006074,              0.0006074,              0.0006074
                    213,                  1.349,                0.71712,                 1.0407,                0.86079,                0.86963,                  0.915,                0.40133,                 1.7738,                0.82898,                  1.038,              0.0006008,              0.0006008,              0.0006008
                    214,                 1.3005,                0.67594,                 1.0101,                0.89015,                0.88638,                0.93274,                 0.4067,                 1.7334,                0.83164,                 1.0164,              0.0005942,              0.0005942,              0.0005942
                    215,                 1.3246,                0.70544,                 1.0178,                0.90276,                0.87046,                0.92305,                0.40931,                 1.7114,                0.82331,                 1.0148,              0.0005876,              0.0005876,              0.0005876
                    216,                 1.3594,                  0.714,                 1.0379,                0.91019,                0.82812,                0.91066,                 0.4193,                  1.736,                0.81288,                 1.0297,               0.000581,               0.000581,               0.000581
                    217,                 1.2394,                0.66895,                  1.017,                  0.931,                0.84325,                0.90434,                0.40891,                 1.6652,                0.80802,                 1.0079,              0.0005744,              0.0005744,              0.0005744
                    218,                 1.3319,                0.70632,                  1.031,                0.93296,                 0.8698,                0.91769,                0.41328,                  1.685,                0.80884,                 1.0221,              0.0005678,              0.0005678,              0.0005678
                    219,                 1.3413,                0.72458,                0.99526,                0.94303,                0.85938,                0.92705,                0.41516,                 1.7352,                0.82841,                 1.0254,              0.0005612,              0.0005612,              0.0005612
                    220,                 1.3905,                0.70875,                 1.0186,                 0.9163,                0.85536,                0.90913,                0.41473,                 1.7342,                0.82612,                 1.0181,              0.0005546,              0.0005546,              0.0005546
